country,flag_link
afghanistan,https://upload.wikimedia.org/wikipedia/commons/thumb/c/cd/Flag_of_Afghanistan_%282013%E2%80%932021%29.svg/440px-Flag_of_Afghanistan_%282013%E2%80%932021%29.svg.png
albania,https://upload.wikimedia.org/wikipedia/commons/thumb/3/36/Flag_of_Albania.svg/440px-Flag_of_Albania.svg.png
algeria,https://upload.wikimedia.org/wikipedia/commons/thumb/7/77/Flag_of_Algeria.svg/500px-Flag_of_Algeria.svg.png
andorra,https://upload.wikimedia.org/wikipedia/commons/thumb/1/19/Flag_of_Andorra.svg/440px-Flag_of_Andorra.svg.png
angola,https://upload.wikimedia.org/wikipedia/commons/thumb/9/9d/Flag_of_Angola.svg/440px-Flag_of_Angola.svg.png
antiguabarbuda,https://upload.wikimedia.org/wikipedia/commons/thumb/8/89/Flag_of_Antigua_and_Barbuda.svg/440px-Flag_of_Antigua_and_Barbuda.svg.png
argentina,https://upload.wikimedia.org/wikipedia/commons/thumb/1/1a/Flag_of_Argentina.svg/440px-Flag_of_Argentina.svg.png
armenia,https://upload.wikimedia.org/wikipedia/commons/thumb/2/2f/Flag_of_Armenia.svg/500px-Flag_of_Armenia.svg.png
australia,https://upload.wikimedia.org/wikipedia/commons/thumb/8/88/Flag_of_Australia_%28converted%29.svg/440px-Flag_of_Australia_%28converted%29.svg.png
austria,https://upload.wikimedia.org/wikipedia/commons/thumb/4/41/Flag_of_Austria.svg/440px-Flag_of_Austria.svg.png
azerbaijan,https://upload.wikimedia.org/wikipedia/commons/thumb/d/dd/Flag_of_Azerbaijan.svg/500px-Flag_of_Azerbaijan.svg.png
bahamas,https://upload.wikimedia.org/wikipedia/commons/thumb/9/93/Flag_of_the_Bahamas.svg/500px-Flag_of_the_Bahamas.svg.png
bahrain,https://upload.wikimedia.org/wikipedia/commons/thumb/2/2c/Flag_of_Bahrain.svg/500px-Flag_of_Bahrain.svg.png
bangladesh,https://upload.wikimedia.org/wikipedia/commons/thumb/f/f9/Flag_of_Bangladesh.svg/440px-Flag_of_Bangladesh.svg.png
barbados,https://upload.wikimedia.org/wikipedia/commons/thumb/e/ef/Flag_of_Barbados.svg/440px-Flag_of_Barbados.svg.png
belarus,https://upload.wikimedia.org/wikipedia/commons/thumb/8/85/Flag_of_Belarus.svg/500px-Flag_of_Belarus.svg.png
belgium,https://upload.wikimedia.org/wikipedia/commons/thumb/6/65/Flag_of_Belgium.svg/500px-Flag_of_Belgium.svg.png
belize,https://upload.wikimedia.org/wikipedia/commons/thumb/e/e7/Flag_of_Belize.svg/440px-Flag_of_Belize.svg.png
benin,https://upload.wikimedia.org/wikipedia/commons/thumb/0/0a/Flag_of_Benin.svg/440px-Flag_of_Benin.svg.png
bhutan,https://upload.wikimedia.org/wikipedia/commons/thumb/9/91/Flag_of_Bhutan.svg/440px-Flag_of_Bhutan.svg.png
bolivia,https://upload.wikimedia.org/wikipedia/commons/thumb/b/b3/Bandera_de_Bolivia_%28Estado%29.svg/500px-Bandera_de_Bolivia_%28Estado%29.svg.png
bosniaherzegovina,https://upload.wikimedia.org/wikipedia/commons/thumb/b/bf/Flag_of_Bosnia_and_Herzegovina.svg/440px-Flag_of_Bosnia_and_Herzegovina.svg.png
botswana,https://upload.wikimedia.org/wikipedia/commons/thumb/f/fa/Flag_of_Botswana.svg/500px-Flag_of_Botswana.svg.png
brazil,https://upload.wikimedia.org/wikipedia/en/thumb/0/05/Flag_of_Brazil.svg/500px-Flag_of_Brazil.svg.png
brunei,https://upload.wikimedia.org/wikipedia/commons/thumb/9/9c/Flag_of_Brunei.svg/500px-Flag_of_Brunei.svg.png
bulgaria,https://upload.wikimedia.org/wikipedia/commons/thumb/9/9a/Flag_of_Bulgaria.svg/440px-Flag_of_Bulgaria.svg.png
burkinafaso,https://upload.wikimedia.org/wikipedia/commons/thumb/3/31/Flag_of_Burkina_Faso.svg/440px-Flag_of_Burkina_Faso.svg.png
burundi,https://upload.wikimedia.org/wikipedia/commons/thumb/5/50/Flag_of_Burundi.svg/440px-Flag_of_Burundi.svg.png
cambodia,https://upload.wikimedia.org/wikipedia/commons/thumb/8/83/Flag_of_Cambodia.svg/440px-Flag_of_Cambodia.svg.png
cameroon,https://upload.wikimedia.org/wikipedia/commons/thumb/4/4f/Flag_of_Cameroon.svg/500px-Flag_of_Cameroon.svg.png
canada,https://upload.wikimedia.org/wikipedia/commons/thumb/d/d9/Flag_of_Canada_%28Pantone%29.svg/440px-Flag_of_Canada_%28Pantone%29.svg.png
capeverde,https://upload.wikimedia.org/wikipedia/commons/thumb/3/38/Flag_of_Cape_Verde.svg/500px-Flag_of_Cape_Verde.svg.png
car,https://upload.wikimedia.org/wikipedia/commons/thumb/6/6f/Flag_of_the_Central_African_Republic.svg/440px-Flag_of_the_Central_African_Republic.svg.png
chad,https://upload.wikimedia.org/wikipedia/commons/thumb/4/4b/Flag_of_Chad.svg/440px-Flag_of_Chad.svg.png
chile,https://upload.wikimedia.org/wikipedia/commons/thumb/7/78/Flag_of_Chile.svg/440px-Flag_of_Chile.svg.png
china,https://upload.wikimedia.org/wikipedia/commons/thumb/f/fa/Flag_of_the_People%27s_Republic_of_China.svg/440px-Flag_of_the_People%27s_Republic_of_China.svg.png
colombia,https://upload.wikimedia.org/wikipedia/commons/thumb/2/21/Flag_of_Colombia.svg/500px-Flag_of_Colombia.svg.png
comoros,https://upload.wikimedia.org/wikipedia/commons/thumb/9/94/Flag_of_the_Comoros.svg/440px-Flag_of_the_Comoros.svg.png
drc,https://upload.wikimedia.org/wikipedia/commons/thumb/6/6f/Flag_of_the_Democratic_Republic_of_the_Congo.svg/440px-Flag_of_the_Democratic_Republic_of_the_Congo.svg.png
repcongo,https://upload.wikimedia.org/wikipedia/commons/thumb/9/92/Flag_of_the_Republic_of_the_Congo.svg/440px-Flag_of_the_Republic_of_the_Congo.svg.png
costarica,https://upload.wikimedia.org/wikipedia/commons/thumb/b/bc/Flag_of_Costa_Rica_%28state%29.svg/440px-Flag_of_Costa_Rica_%28state%29.svg.png
croatia,https://upload.wikimedia.org/wikipedia/commons/thumb/1/1b/Flag_of_Croatia.svg/500px-Flag_of_Croatia.svg.png
cuba,https://upload.wikimedia.org/wikipedia/commons/thumb/b/bd/Flag_of_Cuba.svg/440px-Flag_of_Cuba.svg.png
cyprus,https://upload.wikimedia.org/wikipedia/commons/thumb/d/d4/Flag_of_Cyprus.svg/440px-Flag_of_Cyprus.svg.png
czechia,https://upload.wikimedia.org/wikipedia/commons/thumb/c/cb/Flag_of_the_Czech_Republic.svg/500px-Flag_of_the_Czech_Republic.svg.png
denmark,https://upload.wikimedia.org/wikipedia/commons/thumb/9/9c/Flag_of_Denmark.svg/440px-Flag_of_Denmark.svg.png
djibouti,https://upload.wikimedia.org/wikipedia/commons/thumb/3/34/Flag_of_Djibouti.svg/440px-Flag_of_Djibouti.svg.png
dominica,https://upload.wikimedia.org/wikipedia/commons/thumb/d/d1/Flag_of_Dominica_%28variant_6%29.svg/500px-Flag_of_Dominica_%28variant_6%29.svg.png
dominicanrepublic,https://upload.wikimedia.org/wikipedia/commons/thumb/9/9f/Flag_of_the_Dominican_Republic.svg/440px-Flag_of_the_Dominican_Republic.svg.png
easttimor,https://upload.wikimedia.org/wikipedia/commons/thumb/2/26/Flag_of_East_Timor.svg/440px-Flag_of_East_Timor.svg.png
ecuador,https://upload.wikimedia.org/wikipedia/commons/thumb/e/e8/Flag_of_Ecuador.svg/440px-Flag_of_Ecuador.svg.png
egypt,https://upload.wikimedia.org/wikipedia/commons/thumb/f/fe/Flag_of_Egypt.svg/440px-Flag_of_Egypt.svg.png
elsalvador,https://upload.wikimedia.org/wikipedia/commons/thumb/3/34/Flag_of_El_Salvador.svg/440px-Flag_of_El_Salvador.svg.png
equatorialguinea,https://upload.wikimedia.org/wikipedia/commons/thumb/3/31/Flag_of_Equatorial_Guinea.svg/500px-Flag_of_Equatorial_Guinea.svg.png
eritrea,https://upload.wikimedia.org/wikipedia/commons/thumb/2/29/Flag_of_Eritrea.svg/440px-Flag_of_Eritrea.svg.png
estonia,https://upload.wikimedia.org/wikipedia/commons/thumb/8/8f/Flag_of_Estonia.svg/440px-Flag_of_Estonia.svg.png
ethiopia,https://upload.wikimedia.org/wikipedia/commons/thumb/7/71/Flag_of_Ethiopia.svg/440px-Flag_of_Ethiopia.svg.png
fiji,https://upload.wikimedia.org/wikipedia/commons/thumb/b/ba/Flag_of_Fiji.svg/440px-Flag_of_Fiji.svg.png
finland,https://upload.wikimedia.org/wikipedia/commons/thumb/b/bc/Flag_of_Finland.svg/440px-Flag_of_Finland.svg.png
france,https://upload.wikimedia.org/wikipedia/en/thumb/c/c3/Flag_of_France.svg/500px-Flag_of_France.svg.png
gabon,https://upload.wikimedia.org/wikipedia/commons/thumb/0/04/Flag_of_Gabon.svg/500px-Flag_of_Gabon.svg.png
gambia,https://upload.wikimedia.org/wikipedia/commons/thumb/7/77/Flag_of_The_Gambia.svg/440px-Flag_of_The_Gambia.svg.png
georgia,https://upload.wikimedia.org/wikipedia/commons/thumb/0/0f/Flag_of_Georgia.svg/500px-Flag_of_Georgia.svg.png
germany,https://upload.wikimedia.org/wikipedia/en/thumb/b/ba/Flag_of_Germany.svg/440px-Flag_of_Germany.svg.png
ghana,https://upload.wikimedia.org/wikipedia/commons/thumb/1/19/Flag_of_Ghana.svg/440px-Flag_of_Ghana.svg.png
greece,https://upload.wikimedia.org/wikipedia/commons/thumb/5/5c/Flag_of_Greece.svg/440px-Flag_of_Greece.svg.png
grenada,https://upload.wikimedia.org/wikipedia/commons/thumb/b/bc/Flag_of_Grenada.svg/440px-Flag_of_Grenada.svg.png
guatemala,https://upload.wikimedia.org/wikipedia/commons/thumb/e/ec/Flag_of_Guatemala.svg/440px-Flag_of_Guatemala.svg.png
guinea,https://upload.wikimedia.org/wikipedia/commons/thumb/e/ed/Flag_of_Guinea.svg/440px-Flag_of_Guinea.svg.png
guineabissau,https://upload.wikimedia.org/wikipedia/commons/thumb/0/01/Flag_of_Guinea-Bissau.svg/440px-Flag_of_Guinea-Bissau.svg.png
guyana,https://upload.wikimedia.org/wikipedia/commons/thumb/9/99/Flag_of_Guyana.svg/440px-Flag_of_Guyana.svg.png
haiti,https://upload.wikimedia.org/wikipedia/commons/thumb/5/56/Flag_of_Haiti.svg/440px-Flag_of_Haiti.svg.png
honduras,https://upload.wikimedia.org/wikipedia/commons/thumb/8/82/Flag_of_Honduras.svg/500px-Flag_of_Honduras.svg.png
hungary,https://upload.wikimedia.org/wikipedia/commons/thumb/c/c1/Flag_of_Hungary.svg/500px-Flag_of_Hungary.svg.png
iceland,https://upload.wikimedia.org/wikipedia/commons/thumb/c/ce/Flag_of_Iceland.svg/440px-Flag_of_Iceland.svg.png
india,https://upload.wikimedia.org/wikipedia/en/thumb/4/41/Flag_of_India.svg/440px-Flag_of_India.svg.png
indonesia,https://upload.wikimedia.org/wikipedia/commons/thumb/9/9f/Flag_of_Indonesia.svg/440px-Flag_of_Indonesia.svg.png
iran,https://upload.wikimedia.org/wikipedia/commons/thumb/c/ca/Flag_of_Iran.svg/440px-Flag_of_Iran.svg.png
iraq,https://upload.wikimedia.org/wikipedia/commons/thumb/f/f6/Flag_of_Iraq.svg/440px-Flag_of_Iraq.svg.png
ireland,https://upload.wikimedia.org/wikipedia/commons/thumb/4/45/Flag_of_Ireland.svg/440px-Flag_of_Ireland.svg.png
israel,https://upload.wikimedia.org/wikipedia/commons/thumb/d/d4/Flag_of_Israel.svg/440px-Flag_of_Israel.svg.png
italy,https://upload.wikimedia.org/wikipedia/en/thumb/0/03/Flag_of_Italy.svg/440px-Flag_of_Italy.svg.png
ivorycoast,https://upload.wikimedia.org/wikipedia/commons/thumb/f/fe/Flag_of_C%C3%B4te_d%27Ivoire.svg/440px-Flag_of_C%C3%B4te_d%27Ivoire.svg.png
jamaica,https://upload.wikimedia.org/wikipedia/commons/thumb/0/0a/Flag_of_Jamaica.svg/500px-Flag_of_Jamaica.svg.png
japan,https://upload.wikimedia.org/wikipedia/en/thumb/9/9e/Flag_of_Japan.svg/500px-Flag_of_Japan.svg.png
jordan,https://upload.wikimedia.org/wikipedia/commons/thumb/c/c0/Flag_of_Jordan.svg/500px-Flag_of_Jordan.svg.png
kazakhstan,https://upload.wikimedia.org/wikipedia/commons/thumb/d/d3/Flag_of_Kazakhstan.svg/500px-Flag_of_Kazakhstan.svg.png
kenya,https://upload.wikimedia.org/wikipedia/commons/thumb/4/49/Flag_of_Kenya.svg/440px-Flag_of_Kenya.svg.png
kiribati,https://upload.wikimedia.org/wikipedia/commons/thumb/d/d3/Flag_of_Kiribati.svg/440px-Flag_of_Kiribati.svg.png
northkorea,https://upload.wikimedia.org/wikipedia/commons/thumb/5/51/Flag_of_North_Korea.svg/500px-Flag_of_North_Korea.svg.png
southkorea,https://upload.wikimedia.org/wikipedia/commons/thumb/0/09/Flag_of_South_Korea.svg/500px-Flag_of_South_Korea.svg.png
kosovo,https://upload.wikimedia.org/wikipedia/commons/thumb/1/1f/Flag_of_Kosovo.svg/440px-Flag_of_Kosovo.svg.png
kuwait,https://upload.wikimedia.org/wikipedia/commons/thumb/a/aa/Flag_of_Kuwait.svg/440px-Flag_of_Kuwait.svg.png
kyrgyzstan,https://upload.wikimedia.org/wikipedia/commons/thumb/c/c7/Flag_of_Kyrgyzstan.svg/440px-Flag_of_Kyrgyzstan.svg.png
laos,https://upload.wikimedia.org/wikipedia/commons/thumb/5/56/Flag_of_Laos.svg/440px-Flag_of_Laos.svg.png
latvia,https://upload.wikimedia.org/wikipedia/commons/thumb/8/84/Flag_of_Latvia.svg/500px-Flag_of_Latvia.svg.png
lebanon,https://upload.wikimedia.org/wikipedia/commons/thumb/5/59/Flag_of_Lebanon.svg/440px-Flag_of_Lebanon.svg.png
lesotho,https://upload.wikimedia.org/wikipedia/commons/thumb/4/4a/Flag_of_Lesotho.svg/440px-Flag_of_Lesotho.svg.png
liberia,https://upload.wikimedia.org/wikipedia/commons/thumb/b/b8/Flag_of_Liberia.svg/440px-Flag_of_Liberia.svg.png
libya,https://upload.wikimedia.org/wikipedia/commons/thumb/0/05/Flag_of_Libya.svg/440px-Flag_of_Libya.svg.png
liechtenstein,https://upload.wikimedia.org/wikipedia/commons/thumb/4/47/Flag_of_Liechtenstein.svg/500px-Flag_of_Liechtenstein.svg.png
lithuania,https://upload.wikimedia.org/wikipedia/commons/thumb/1/11/Flag_of_Lithuania.svg/500px-Flag_of_Lithuania.svg.png
luxembourg,https://upload.wikimedia.org/wikipedia/commons/thumb/d/da/Flag_of_Luxembourg.svg/440px-Flag_of_Luxembourg.svg.png
macedonia,https://upload.wikimedia.org/wikipedia/commons/thumb/7/79/Flag_of_North_Macedonia.svg/440px-Flag_of_North_Macedonia.svg.png
madagascar,https://upload.wikimedia.org/wikipedia/commons/thumb/b/bc/Flag_of_Madagascar.svg/500px-Flag_of_Madagascar.svg.png
malawi,https://upload.wikimedia.org/wikipedia/commons/thumb/d/d1/Flag_of_Malawi.svg/440px-Flag_of_Malawi.svg.png
malaysia,https://upload.wikimedia.org/wikipedia/commons/thumb/6/66/Flag_of_Malaysia.svg/440px-Flag_of_Malaysia.svg.png
maldives,https://upload.wikimedia.org/wikipedia/commons/thumb/0/0f/Flag_of_Maldives.svg/440px-Flag_of_Maldives.svg.png
mali,https://upload.wikimedia.org/wikipedia/commons/thumb/9/92/Flag_of_Mali.svg/500px-Flag_of_Mali.svg.png
malta,https://upload.wikimedia.org/wikipedia/commons/thumb/7/73/Flag_of_Malta.svg/440px-Flag_of_Malta.svg.png
marshallislands,https://upload.wikimedia.org/wikipedia/commons/thumb/2/2e/Flag_of_the_Marshall_Islands.svg/500px-Flag_of_the_Marshall_Islands.svg.png
mauritania,https://upload.wikimedia.org/wikipedia/commons/thumb/4/43/Flag_of_Mauritania.svg/500px-Flag_of_Mauritania.svg.png
mauritius,https://upload.wikimedia.org/wikipedia/commons/thumb/7/77/Flag_of_Mauritius.svg/440px-Flag_of_Mauritius.svg.png
mexico,https://upload.wikimedia.org/wikipedia/commons/thumb/f/fc/Flag_of_Mexico.svg/440px-Flag_of_Mexico.svg.png
micronesia,https://upload.wikimedia.org/wikipedia/commons/thumb/e/e4/Flag_of_the_Federated_States_of_Micronesia.svg/500px-Flag_of_the_Federated_States_of_Micronesia.svg.png
moldova,https://upload.wikimedia.org/wikipedia/commons/thumb/2/27/Flag_of_Moldova.svg/500px-Flag_of_Moldova.svg.png
monaco,https://upload.wikimedia.org/wikipedia/commons/thumb/e/ea/Flag_of_Monaco.svg/440px-Flag_of_Monaco.svg.png
mongolia,https://upload.wikimedia.org/wikipedia/commons/thumb/4/4c/Flag_of_Mongolia.svg/440px-Flag_of_Mongolia.svg.png
montenegro,https://upload.wikimedia.org/wikipedia/commons/thumb/6/64/Flag_of_Montenegro.svg/440px-Flag_of_Montenegro.svg.png
morocco,https://upload.wikimedia.org/wikipedia/commons/thumb/2/2c/Flag_of_Morocco.svg/440px-Flag_of_Morocco.svg.png
mozambique,https://upload.wikimedia.org/wikipedia/commons/thumb/d/d0/Flag_of_Mozambique.svg/440px-Flag_of_Mozambique.svg.png
myanmar,https://upload.wikimedia.org/wikipedia/commons/thumb/8/8c/Flag_of_Myanmar.svg/440px-Flag_of_Myanmar.svg.png
namibia,https://upload.wikimedia.org/wikipedia/commons/thumb/0/00/Flag_of_Namibia.svg/440px-Flag_of_Namibia.svg.png
nauru,https://upload.wikimedia.org/wikipedia/commons/thumb/3/30/Flag_of_Nauru.svg/440px-Flag_of_Nauru.svg.png
nepal,https://upload.wikimedia.org/wikipedia/commons/thumb/9/9b/Flag_of_Nepal.svg/440px-Flag_of_Nepal.svg.png
netherlands,https://upload.wikimedia.org/wikipedia/commons/thumb/2/20/Flag_of_the_Netherlands.svg/440px-Flag_of_the_Netherlands.svg.png
newzealand,https://upload.wikimedia.org/wikipedia/commons/thumb/3/3e/Flag_of_New_Zealand.svg/500px-Flag_of_New_Zealand.svg.png
nicaragua,https://upload.wikimedia.org/wikipedia/commons/thumb/1/19/Flag_of_Nicaragua.svg/440px-Flag_of_Nicaragua.svg.png
niger,https://upload.wikimedia.org/wikipedia/commons/thumb/f/f4/Flag_of_Niger.svg/440px-Flag_of_Niger.svg.png
nigeria,https://upload.wikimedia.org/wikipedia/commons/thumb/7/79/Flag_of_Nigeria.svg/440px-Flag_of_Nigeria.svg.png
norway,https://upload.wikimedia.org/wikipedia/commons/thumb/d/d9/Flag_of_Norway.svg/500px-Flag_of_Norway.svg.png
oman,https://upload.wikimedia.org/wikipedia/commons/thumb/d/dd/Flag_of_Oman.svg/500px-Flag_of_Oman.svg.png
pakistan,https://upload.wikimedia.org/wikipedia/commons/thumb/3/32/Flag_of_Pakistan.svg/440px-Flag_of_Pakistan.svg.png
palau,https://upload.wikimedia.org/wikipedia/commons/thumb/4/48/Flag_of_Palau.svg/440px-Flag_of_Palau.svg.png
palestine,https://upload.wikimedia.org/wikipedia/commons/thumb/0/00/Flag_of_Palestine.svg/500px-Flag_of_Palestine.svg.png
panama,https://upload.wikimedia.org/wikipedia/commons/thumb/a/ab/Flag_of_Panama.svg/500px-Flag_of_Panama.svg.png
papuanewguinea,https://upload.wikimedia.org/wikipedia/commons/thumb/e/e3/Flag_of_Papua_New_Guinea.svg/440px-Flag_of_Papua_New_Guinea.svg.png
paraguay,https://upload.wikimedia.org/wikipedia/commons/thumb/2/27/Flag_of_Paraguay.svg/440px-Flag_of_Paraguay.svg.png
peru,https://upload.wikimedia.org/wikipedia/commons/thumb/c/cf/Flag_of_Peru.svg/440px-Flag_of_Peru.svg.png
philippines,https://upload.wikimedia.org/wikipedia/commons/thumb/9/99/Flag_of_the_Philippines.svg/500px-Flag_of_the_Philippines.svg.png
poland,https://upload.wikimedia.org/wikipedia/en/thumb/1/12/Flag_of_Poland.svg/440px-Flag_of_Poland.svg.png
portugal,https://upload.wikimedia.org/wikipedia/commons/thumb/a/ad/Flag_of_Portugal_%28alternate%29.svg/440px-Flag_of_Portugal_%28alternate%29.svg.png
qatar,https://upload.wikimedia.org/wikipedia/commons/thumb/6/65/Flag_of_Qatar.svg/440px-Flag_of_Qatar.svg.png
romania,https://upload.wikimedia.org/wikipedia/commons/thumb/7/73/Flag_of_Romania.svg/440px-Flag_of_Romania.svg.png
russia,https://upload.wikimedia.org/wikipedia/en/thumb/f/f3/Flag_of_Russia.svg/440px-Flag_of_Russia.svg.png
rwanda,https://upload.wikimedia.org/wikipedia/commons/thumb/1/17/Flag_of_Rwanda.svg/440px-Flag_of_Rwanda.svg.png
stkittsnevis,https://upload.wikimedia.org/wikipedia/commons/thumb/f/fe/Flag_of_Saint_Kitts_and_Nevis.svg/440px-Flag_of_Saint_Kitts_and_Nevis.svg.png
stlucia,https://upload.wikimedia.org/wikipedia/commons/thumb/9/9f/Flag_of_Saint_Lucia.svg/440px-Flag_of_Saint_Lucia.svg.png
stvincent,https://upload.wikimedia.org/wikipedia/commons/thumb/6/6d/Flag_of_Saint_Vincent_and_the_Grenadines.svg/440px-Flag_of_Saint_Vincent_and_the_Grenadines.svg.png
samoa,https://upload.wikimedia.org/wikipedia/commons/thumb/3/31/Flag_of_Samoa.svg/500px-Flag_of_Samoa.svg.png
sanmarino,https://upload.wikimedia.org/wikipedia/commons/thumb/b/b1/Flag_of_San_Marino.svg/440px-Flag_of_San_Marino.svg.png
saotomeprincipe,https://upload.wikimedia.org/wikipedia/commons/thumb/0/0a/Flag_of_S%C3%A3o_Tom%C3%A9_and_Pr%C3%ADncipe.svg/440px-Flag_of_S%C3%A3o_Tom%C3%A9_and_Pr%C3%ADncipe.svg.png
saudiarabia,https://upload.wikimedia.org/wikipedia/commons/thumb/0/0d/Flag_of_Saudi_Arabia.svg/500px-Flag_of_Saudi_Arabia.svg.png
senegal,https://upload.wikimedia.org/wikipedia/commons/thumb/f/fd/Flag_of_Senegal.svg/440px-Flag_of_Senegal.svg.png
serbia,https://upload.wikimedia.org/wikipedia/commons/thumb/f/ff/Flag_of_Serbia.svg/440px-Flag_of_Serbia.svg.png
seychelles,https://upload.wikimedia.org/wikipedia/commons/thumb/f/fc/Flag_of_Seychelles.svg/440px-Flag_of_Seychelles.svg.png
sierraleone,https://upload.wikimedia.org/wikipedia/commons/thumb/1/17/Flag_of_Sierra_Leone.svg/440px-Flag_of_Sierra_Leone.svg.png
singapore,https://upload.wikimedia.org/wikipedia/commons/thumb/4/48/Flag_of_Singapore.svg/440px-Flag_of_Singapore.svg.png
slovakia,https://upload.wikimedia.org/wikipedia/commons/thumb/e/e6/Flag_of_Slovakia.svg/440px-Flag_of_Slovakia.svg.png
slovenia,https://upload.wikimedia.org/wikipedia/commons/thumb/f/f0/Flag_of_Slovenia.svg/440px-Flag_of_Slovenia.svg.png
solomonislands,https://upload.wikimedia.org/wikipedia/commons/thumb/7/74/Flag_of_the_Solomon_Islands.svg/500px-Flag_of_the_Solomon_Islands.svg.png
somalia,https://upload.wikimedia.org/wikipedia/commons/thumb/a/a0/Flag_of_Somalia.svg/440px-Flag_of_Somalia.svg.png
southafrica,https://upload.wikimedia.org/wikipedia/commons/thumb/a/af/Flag_of_South_Africa.svg/500px-Flag_of_South_Africa.svg.png
spain,https://upload.wikimedia.org/wikipedia/en/thumb/9/9a/Flag_of_Spain.svg/440px-Flag_of_Spain.svg.png
srilanka,https://upload.wikimedia.org/wikipedia/commons/thumb/1/11/Flag_of_Sri_Lanka.svg/440px-Flag_of_Sri_Lanka.svg.png
southsudan,https://upload.wikimedia.org/wikipedia/commons/thumb/7/7a/Flag_of_South_Sudan.svg/440px-Flag_of_South_Sudan.svg.png
sudan,https://upload.wikimedia.org/wikipedia/commons/thumb/0/01/Flag_of_Sudan.svg/440px-Flag_of_Sudan.svg.png
suriname,https://upload.wikimedia.org/wikipedia/commons/thumb/6/60/Flag_of_Suriname.svg/500px-Flag_of_Suriname.svg.png
swaziland,https://upload.wikimedia.org/wikipedia/commons/thumb/f/fb/Flag_of_Eswatini.svg/440px-Flag_of_Eswatini.svg.png
sweden,https://upload.wikimedia.org/wikipedia/en/thumb/4/4c/Flag_of_Sweden.svg/440px-Flag_of_Sweden.svg.png
switzerland,https://upload.wikimedia.org/wikipedia/commons/thumb/f/f3/Flag_of_Switzerland.svg/440px-Flag_of_Switzerland.svg.png
syria,https://upload.wikimedia.org/wikipedia/commons/thumb/e/e1/Flag_of_the_United_Arab_Republic_%281958%E2%80%931971%29%2C_Flag_of_Syria_%281980%E2%80%932024%29.svg/440px-Flag_of_the_United_Arab_Republic_%281958%E2%80%931971%29%2C_Flag_of_Syria_%281980%E2%80%932024%29.svg.png
taiwan,https://upload.wikimedia.org/wikipedia/commons/thumb/7/72/Flag_of_the_Republic_of_China.svg/500px-Flag_of_the_Republic_of_China.svg.png
tajikistan,https://upload.wikimedia.org/wikipedia/commons/thumb/d/d0/Flag_of_Tajikistan.svg/440px-Flag_of_Tajikistan.svg.png
tanzania,https://upload.wikimedia.org/wikipedia/commons/thumb/3/38/Flag_of_Tanzania.svg/500px-Flag_of_Tanzania.svg.png
thailand,https://upload.wikimedia.org/wikipedia/commons/thumb/a/a9/Flag_of_Thailand.svg/440px-Flag_of_Thailand.svg.png
togo,https://upload.wikimedia.org/wikipedia/commons/thumb/7/7a/Flag_of_Togo_%283-2%29.svg/440px-Flag_of_Togo_%283-2%29.svg.png
tonga,https://upload.wikimedia.org/wikipedia/commons/thumb/9/9a/Flag_of_Tonga.svg/440px-Flag_of_Tonga.svg.png
trinidadtobago,https://upload.wikimedia.org/wikipedia/commons/thumb/6/64/Flag_of_Trinidad_and_Tobago.svg/500px-Flag_of_Trinidad_and_Tobago.svg.png
tunisia,https://upload.wikimedia.org/wikipedia/commons/thumb/c/ce/Flag_of_Tunisia.svg/440px-Flag_of_Tunisia.svg.png
turkey,https://upload.wikimedia.org/wikipedia/commons/thumb/b/b4/Flag_of_Turkey.svg/440px-Flag_of_Turkey.svg.png
turkmenistan,https://upload.wikimedia.org/wikipedia/commons/thumb/1/1b/Flag_of_Turkmenistan.svg/500px-Flag_of_Turkmenistan.svg.png
tuvalu,https://upload.wikimedia.org/wikipedia/commons/thumb/3/38/Flag_of_Tuvalu.svg/440px-Flag_of_Tuvalu.svg.png
uganda,https://upload.wikimedia.org/wikipedia/commons/thumb/4/4e/Flag_of_Uganda.svg/440px-Flag_of_Uganda.svg.png
ukraine,https://upload.wikimedia.org/wikipedia/commons/thumb/4/49/Flag_of_Ukraine.svg/440px-Flag_of_Ukraine.svg.png
uae,https://upload.wikimedia.org/wikipedia/commons/thumb/c/cb/Flag_of_the_United_Arab_Emirates.svg/440px-Flag_of_the_United_Arab_Emirates.svg.png
uk,https://upload.wikimedia.org/wikipedia/en/thumb/a/ae/Flag_of_the_United_Kingdom.svg/440px-Flag_of_the_United_Kingdom.svg.png
usa,https://upload.wikimedia.org/wikipedia/en/thumb/a/a4/Flag_of_the_United_States.svg/440px-Flag_of_the_United_States.svg.png
uruguay,https://upload.wikimedia.org/wikipedia/commons/thumb/f/fe/Flag_of_Uruguay.svg/440px-Flag_of_Uruguay.svg.png
uzbekistan,https://upload.wikimedia.org/wikipedia/commons/thumb/8/84/Flag_of_Uzbekistan.svg/440px-Flag_of_Uzbekistan.svg.png
vanuatu,https://upload.wikimedia.org/wikipedia/commons/thumb/b/bc/Flag_of_Vanuatu.svg/440px-Flag_of_Vanuatu.svg.png
vatican,https://upload.wikimedia.org/wikipedia/commons/thumb/b/b3/Flag_of_Vatican_City_%282023%E2%80%93present%29.svg/440px-Flag_of_Vatican_City_%282023%E2%80%93present%29.svg.png
venezuela,https://upload.wikimedia.org/wikipedia/commons/thumb/0/06/Flag_of_Venezuela.svg/440px-Flag_of_Venezuela.svg.png
vietnam,https://upload.wikimedia.org/wikipedia/commons/thumb/2/21/Flag_of_Vietnam.svg/440px-Flag_of_Vietnam.svg.png
yemen,https://upload.wikimedia.org/wikipedia/commons/thumb/8/89/Flag_of_Yemen.svg/440px-Flag_of_Yemen.svg.png
zambia,https://upload.wikimedia.org/wikipedia/commons/thumb/0/06/Flag_of_Zambia.svg/440px-Flag_of_Zambia.svg.png
zimbabwe,https://upload.wikimedia.org/wikipedia/commons/thumb/6/6a/Flag_of_Zimbabwe.svg/500px-Flag_of_Zimbabwe.svg.png
